participant_id,account_status,completed_workouts_calendar,detailed_workouts_saved,detail_coverage_pct,first_workout_date,last_workout_date,history_span_days,eligible_6m,eligible_12m,eligible_24m,bodyweight_available
WSP-574957F778,deactivated,14,0,0.0,2023-09-13,2023-10-27,44,False,False,False,True
WSP-CADACEC125,deactivated,307,307,100.0,2023-09-11,2024-12-20,466,True,True,False,True
WSP-35D2B825E2,active,361,361,100.0,2023-09-11,2026-07-20,1043,True,True,True,True
WSP-E60F02FB3D,deactivated,92,92,100.0,2024-05-13,2025-01-15,247,True,False,False,True
WSP-9E8022E796,deactivated,39,39,100.0,2023-09-11,2024-05-07,239,True,False,False,True
WSP-3747400FEE,active,156,156,100.0,2023-09-11,2026-07-20,1043,True,True,True,True
WSP-749D8C9097,deactivated,298,298,100.0,2023-09-11,2024-12-27,473,True,True,False,True
WSP-0AEBB9DBC3,deactivated,2,0,0.0,2023-09-13,2023-09-20,7,False,False,False,True
WSP-5858E11DE6,deactivated,22,0,0.0,2023-09-20,2024-01-17,119,False,False,False,True
WSP-7080081715,deactivated,2,0,0.0,2023-09-11,2023-09-13,2,False,False,False,True
WSP-8B130ABC66,deactivated,0,0,,,,,False,False,False,True
WSP-79119D4D9A,deactivated,29,0,0.0,2023-09-11,2023-12-13,93,False,False,False,True
WSP-9626421E0F,deactivated,1,0,0.0,2023-09-11,2023-09-11,0,False,False,False,True
WSP-98B822769C,deactivated,3,0,0.0,2023-09-18,2023-09-27,9,False,False,False,True
WSP-756755AD41,deactivated,4,0,0.0,2023-09-11,2023-09-25,14,False,False,False,True
WSP-1C27F23078,deactivated,146,146,100.0,2023-09-11,2025-01-13,490,True,True,False,True
WSP-2B27FEB68C,deactivated,141,141,100.0,2023-09-11,2024-11-15,431,True,True,False,True
WSP-6C30D52A18,deactivated,4,0,0.0,2023-09-11,2023-10-13,32,False,False,False,True
WSP-175A5AF798,deactivated,199,199,100.0,2023-09-11,2025-07-10,668,True,True,True,True
WSP-2E3B93919B,deactivated,6,0,0.0,2023-10-02,2023-10-12,10,False,False,False,True
WSP-C01103FA99,deactivated,405,405,100.0,2023-09-11,2024-12-13,459,True,True,False,True
WSP-690A6927EC,deactivated,268,189,70.5,2023-09-11,2025-03-24,560,True,True,False,True
WSP-F048EC285F,deactivated,0,0,,,,,False,False,False,True
WSP-BE517B69C4,deactivated,13,0,0.0,2023-11-13,2024-01-03,51,False,False,False,True
WSP-97D354E37F,deactivated,69,69,100.0,2023-09-12,2026-02-09,881,True,True,True,True
WSP-9CEDFF8374,active,75,75,100.0,2023-09-11,2026-07-20,1043,True,True,True,True
WSP-20C96BEF08,deactivated,466,244,52.4,2023-10-06,2025-12-19,805,True,True,True,True
WSP-C3E3E04CF2,deactivated,26,0,0.0,2023-09-11,2023-10-27,46,False,False,False,True
WSP-706BB1E5CD,deactivated,21,0,0.0,2023-09-11,2023-11-14,64,False,False,False,True
WSP-E6C38FCCB7,deactivated,47,47,100.0,2023-09-22,2024-10-14,388,True,True,False,True
WSP-862267DDEC,deactivated,12,0,0.0,2023-09-20,2023-11-20,61,False,False,False,False
WSP-6EE81465BB,deactivated,76,76,100.0,2023-10-17,2024-06-05,232,True,False,False,True
WSP-8BD817F335,deactivated,0,0,,,,,False,False,False,True
WSP-F8E778D44B,active,447,447,100.0,2023-11-06,2026-07-21,988,True,True,True,True
WSP-793DCC26EF,deactivated,437,437,100.0,2023-09-11,2026-03-11,912,True,True,True,True
WSP-0874DFDEC4,deactivated,1,0,0.0,2023-09-11,2023-09-11,0,False,False,False,True
WSP-95CC3F16BD,deactivated,24,0,0.0,2023-09-11,2023-12-18,98,False,False,False,True
WSP-EE6F308504,deactivated,80,80,100.0,2023-09-11,2024-08-19,343,True,True,False,True
WSP-D0279946D1,deactivated,0,0,,,,,False,False,False,True
WSP-A51366448E,deactivated,218,218,100.0,2023-09-25,2025-04-11,564,True,True,False,True
WSP-0D8377D20F,deactivated,71,71,100.0,2023-09-11,2024-06-10,273,True,False,False,True
WSP-126D7BFCF6,deactivated,14,14,100.0,2023-10-16,2024-08-23,312,True,True,False,True
WSP-E2E472FFAE,deactivated,23,0,0.0,2023-11-13,2024-01-03,51,False,False,False,True
WSP-3147A61873,deactivated,126,126,100.0,2023-09-11,2025-03-19,555,True,True,False,True
WSP-DB04841EAF,deactivated,208,208,100.0,2023-09-14,2024-08-21,342,True,True,False,True
WSP-2BF81B2104,deactivated,0,0,,,,,False,False,False,True
WSP-8DEF3EDD80,deactivated,109,109,100.0,2023-09-25,2024-05-11,229,True,False,False,True
WSP-238D187D11,deactivated,22,22,100.0,2023-09-25,2025-01-08,471,True,True,False,True
WSP-E3A5A761C3,active,286,286,100.0,2023-09-25,2026-07-20,1029,True,True,True,True
WSP-22537947B8,deactivated,2,0,0.0,2023-11-29,2023-12-13,14,False,False,False,True
WSP-C1751DA190,deactivated,311,311,100.0,2023-10-17,2026-02-14,851,True,True,True,True
WSP-4A1776AEC7,deactivated,23,23,100.0,2023-10-17,2024-08-05,293,True,False,False,True
WSP-DCC49152DB,deactivated,2,0,0.0,2023-10-16,2023-10-18,2,False,False,False,True
WSP-D6A5C17EEB,deactivated,17,0,0.0,2023-10-16,2023-11-16,31,False,False,False,True
WSP-B1E9F700DC,deactivated,3,0,0.0,2023-10-16,2023-10-30,14,False,False,False,True
WSP-0BEEB934D8,deactivated,25,25,100.0,2023-10-20,2024-04-02,165,True,False,False,True
WSP-52EB550240,deactivated,0,0,,,,,False,False,False,True
WSP-C9A3080F47,deactivated,38,38,100.0,2023-10-24,2024-04-22,181,True,False,False,True
WSP-7601B8C089,deactivated,0,0,,,,,False,False,False,True
WSP-399F283F79,deactivated,15,0,0.0,2023-11-02,2023-12-19,47,False,False,False,True
WSP-8602D9A090,deactivated,2,0,0.0,2023-11-04,2023-11-10,6,False,False,False,True
WSP-C43D13B011,deactivated,112,112,100.0,2023-11-04,2024-11-25,387,True,True,False,True
WSP-F2A879B1C6,deactivated,59,59,100.0,2023-11-13,2024-03-12,120,True,False,False,True
WSP-F3DDD2F754,active,341,341,100.0,2023-11-10,2026-07-15,978,True,True,True,True
WSP-33FE7D8280,deactivated,33,33,100.0,2023-11-15,2024-06-27,225,True,False,False,True
WSP-450A84FD87,deactivated,1,0,0.0,2023-11-20,2023-11-20,0,False,False,False,True
WSP-1A45C09BA9,deactivated,52,52,100.0,2023-11-22,2024-05-23,183,True,False,False,True
WSP-45C51DD4A0,deactivated,190,190,100.0,2023-12-07,2025-10-03,666,True,True,True,True
WSP-C44B9DED29,deactivated,0,0,,,,,False,False,False,True
WSP-A16D32377E,deactivated,125,125,100.0,2023-12-19,2025-05-03,501,True,True,False,True
WSP-4F47A104FC,deactivated,0,0,,,,,False,False,False,False
WSP-508B2B9083,deactivated,108,108,100.0,2024-01-01,2025-08-29,606,True,True,True,True
WSP-7E7C1BB79A,deactivated,11,0,0.0,2023-12-18,2024-02-12,56,False,False,False,True
WSP-066D26242C,deactivated,0,0,,,,,False,False,False,True
WSP-544D1F2957,deactivated,22,0,0.0,2024-01-08,2024-04-29,112,False,False,False,True
WSP-844FC5162C,deactivated,29,0,0.0,2024-01-08,2024-04-03,86,False,False,False,True
WSP-8CC1C48139,deactivated,100,100,100.0,2024-01-08,2024-09-20,256,True,False,False,True
WSP-2DD2090892,deactivated,71,71,100.0,2024-01-19,2024-06-14,147,True,False,False,True
WSP-E4DBF5AF4F,deactivated,39,39,100.0,2024-01-12,2024-07-10,180,True,False,False,True
WSP-CE17F19530,deactivated,3,0,0.0,2024-01-15,2024-01-31,16,False,False,False,True
WSP-235303DA68,deactivated,9,0,0.0,2024-01-17,2024-02-07,21,False,False,False,True
WSP-2F240CC891,deactivated,212,212,100.0,2024-01-22,2025-07-04,529,True,True,False,True
WSP-4A94A0142F,deactivated,7,0,0.0,2024-01-22,2024-02-15,24,False,False,False,True
WSP-80F9D81D9C,deactivated,7,7,100.0,2024-01-15,2024-07-19,186,True,False,False,True
WSP-C86D48ACB7,deactivated,32,0,0.0,2024-02-05,2024-04-19,74,False,False,False,True
WSP-917EBE9157,active,60,60,100.0,2024-02-09,2026-07-08,880,True,True,True,True
WSP-980C323A41,deactivated,339,57,16.8,2024-01-31,2026-04-10,800,True,True,True,True
WSP-EA7DA51CD2,deactivated,38,0,0.0,2024-01-29,2024-05-23,115,False,False,False,True
WSP-3B237C01FD,deactivated,70,70,100.0,2024-01-31,2025-01-08,343,True,True,False,True
WSP-AF4B156F0D,deactivated,8,0,0.0,2024-01-31,2024-02-21,21,False,False,False,True
WSP-D68795368D,deactivated,83,83,100.0,2024-01-31,2025-11-20,659,True,True,True,True
WSP-8AF4FCA1BA,deactivated,12,0,0.0,2024-01-29,2024-03-01,32,False,False,False,True
WSP-3E3373D817,deactivated,121,121,100.0,2024-02-12,2025-02-20,374,True,True,False,True
WSP-1D64AEA7AC,active,225,225,100.0,2024-02-14,2026-07-11,878,True,True,True,True
WSP-D8B0F4338E,deactivated,6,0,0.0,2024-02-20,2024-03-05,14,False,False,False,True
WSP-8FCC2A12B0,deactivated,143,143,100.0,2024-02-20,2024-12-16,300,True,True,False,True
WSP-5A6CABB970,deactivated,201,201,100.0,2024-03-01,2025-01-23,328,True,True,False,True
WSP-2799FE0CA1,deactivated,11,0,0.0,2024-02-26,2024-04-03,37,False,False,False,True
WSP-839BF4988D,active,92,92,100.0,2024-03-06,2026-07-16,862,True,True,True,True
WSP-E64012E3A6,deactivated,17,0,0.0,2024-03-11,2024-05-28,78,False,False,False,True
WSP-172DA73F30,deactivated,29,29,100.0,2024-03-11,2024-07-17,128,True,False,False,True
WSP-5955DD073A,deactivated,17,0,0.0,2024-03-11,2024-05-13,63,False,False,False,True
WSP-D205AE4E23,deactivated,1,0,0.0,2024-03-19,2024-03-19,0,False,False,False,True
WSP-985E0421A3,deactivated,99,99,100.0,2024-04-01,2024-11-20,233,True,False,False,True
WSP-1761082E02,deactivated,6,0,0.0,2024-04-08,2024-04-26,18,False,False,False,True
WSP-50D8A1DB62,deactivated,21,0,0.0,2024-04-02,2024-06-15,74,False,False,False,True
WSP-B13A9E275F,active,70,70,100.0,2024-06-14,2026-07-20,766,True,True,True,True
WSP-369FB9871C,deactivated,76,76,100.0,2024-04-17,2025-07-09,448,True,True,False,True
WSP-47D0C85C94,deactivated,2,0,0.0,2024-03-25,2024-04-10,16,False,False,False,True
WSP-9F25251BE1,deactivated,1,0,0.0,2024-03-27,2024-03-27,0,False,False,False,True
WSP-DA7E69ED08,active,137,137,100.0,2024-04-01,2026-07-20,840,True,True,True,True
WSP-094A18C2BC,deactivated,84,84,100.0,2024-04-08,2025-01-22,289,True,False,False,True
WSP-430F2625BA,deactivated,169,169,100.0,2024-04-09,2025-04-05,361,True,True,False,True
WSP-FEFBD222A2,deactivated,14,0,0.0,2024-04-19,2024-06-07,49,False,False,False,True
WSP-7210F90A51,deactivated,14,0,0.0,2024-04-16,2024-05-15,29,False,False,False,True
WSP-484D342D8B,deactivated,37,0,0.0,2024-04-19,2024-07-22,94,False,False,False,True
WSP-D9CD4D1900,deactivated,0,0,,,,,False,False,False,True
WSP-F3012A58F7,deactivated,3,0,0.0,2024-05-20,2024-08-22,94,False,False,False,True
WSP-362D62A46E,deactivated,4,0,0.0,2024-05-01,2024-05-14,13,False,False,False,True
WSP-993531D4CB,deactivated,22,22,100.0,2024-05-01,2024-12-04,217,True,False,False,True
WSP-3E58E62E3C,deactivated,77,77,100.0,2024-05-01,2024-12-04,217,True,False,False,True
WSP-12B45EC0B3,active,117,117,100.0,2024-05-02,2026-07-13,802,True,True,True,True
WSP-1BE5E60F8A,deactivated,0,0,,,,,False,False,False,True
WSP-8511E2A18D,deactivated,30,0,0.0,2024-05-27,2024-08-21,86,False,False,False,True
WSP-F148A8C19A,active,196,196,100.0,2024-05-10,2026-07-20,801,True,True,True,True
WSP-74F1CDA5E1,deactivated,31,31,100.0,2024-05-14,2024-09-11,120,True,False,False,True
WSP-6FCCD60735,deactivated,25,0,0.0,2024-05-13,2024-07-05,53,False,False,False,True
WSP-0F776FC732,active,250,250,100.0,2024-08-19,2026-06-17,667,True,True,True,True
WSP-6D0763EE8E,deactivated,8,0,0.0,2024-05-14,2024-06-10,27,False,False,False,True
WSP-CA8A80ADFD,deactivated,46,46,100.0,2024-05-20,2024-12-09,203,True,False,False,True
WSP-60932EED7C,deactivated,0,0,,,,,False,False,False,True
WSP-F6CB089C01,deactivated,3,0,0.0,2024-06-03,2024-06-17,14,False,False,False,True
WSP-85C2939E06,deactivated,1,0,0.0,2024-07-01,2024-07-01,0,False,False,False,True
WSP-D408964823,active,7,7,100.0,2024-08-21,2025-01-09,141,True,False,False,True
WSP-207760E8A1,deactivated,0,0,,,,,False,False,False,True
WSP-F9B7FDFF77,deactivated,6,0,0.0,2024-06-14,2024-07-03,19,False,False,False,True
WSP-DD0D960EA4,deactivated,6,0,0.0,2024-06-20,2024-09-07,79,False,False,False,True
WSP-ABCBEBB4A2,deactivated,46,46,100.0,2024-06-24,2024-11-25,154,True,False,False,True
WSP-91D318621F,deactivated,12,0,0.0,2024-07-08,2024-08-09,32,False,False,False,True
WSP-EDA9DFF24D,deactivated,11,0,0.0,2024-06-26,2024-09-19,85,False,False,False,True
WSP-C740E048E6,deactivated,9,0,0.0,2024-07-26,2024-10-18,84,False,False,False,True
WSP-4AC327FE1F,deactivated,5,0,0.0,2024-07-03,2024-07-19,16,False,False,False,True
WSP-598C3651E3,active,244,244,100.0,2024-07-15,2026-07-21,736,True,True,True,True
WSP-F384938133,deactivated,249,249,100.0,2024-07-26,2026-04-22,635,True,True,True,True
WSP-D5E4BA3CD3,deactivated,6,0,0.0,2024-07-29,2024-08-07,9,False,False,False,True
WSP-88E68BBB20,deactivated,41,41,100.0,2024-08-01,2026-03-05,581,True,True,False,True
WSP-122F29AB30,active,132,132,100.0,2024-08-01,2026-07-17,715,True,True,True,True
WSP-DFD4C8DEAD,deactivated,22,22,100.0,2024-08-08,2025-06-24,320,True,True,False,True
WSP-C803BD1A3A,deactivated,3,0,0.0,2024-08-05,2024-08-08,3,False,False,False,True
WSP-283EB45961,deactivated,25,25,100.0,2024-09-06,2025-07-09,306,True,True,False,True
WSP-A03074CBCD,deactivated,11,11,100.0,2024-08-14,2025-02-14,184,True,False,False,True
WSP-834F6C7D34,deactivated,287,287,100.0,2024-08-19,2026-04-13,602,True,True,True,True
WSP-69747515E3,deactivated,14,0,0.0,2024-08-30,2024-11-13,75,False,False,False,True
WSP-C7DB94648A,deactivated,46,46,100.0,2024-08-21,2025-06-25,308,True,True,False,True
WSP-DDC07713D5,deactivated,9,0,0.0,2024-08-26,2024-11-25,91,False,False,False,True
WSP-4FAA0DBC53,deactivated,65,65,100.0,2024-08-20,2024-12-04,106,False,False,False,True
WSP-ACF22DFC36,active,82,82,100.0,2024-08-21,2026-07-15,693,True,True,True,True
WSP-203C8BDBC2,deactivated,196,196,100.0,2024-08-22,2025-12-24,489,True,True,False,True
WSP-C1F8D0CFFC,deactivated,8,0,0.0,2024-08-27,2024-10-23,57,False,False,False,True
WSP-CB9B1E6147,deactivated,63,63,100.0,2024-08-28,2025-02-19,175,True,False,False,True
WSP-A8EA01317E,active,236,236,100.0,2024-08-28,2026-07-20,691,True,True,True,True
WSP-C91829EC0C,active,116,116,100.0,2024-09-02,2026-07-20,686,True,True,True,True
WSP-FF4581D5ED,active,150,150,100.0,2024-09-02,2026-07-20,686,True,True,True,True
WSP-89E2851F63,active,226,226,100.0,2024-09-05,2026-07-20,683,True,True,True,True
WSP-133055AFAF,deactivated,6,0,0.0,2024-09-07,2024-09-19,12,False,False,False,True
WSP-19BA93765E,deactivated,5,0,0.0,2024-09-05,2024-10-01,26,False,False,False,True
WSP-CAD3420106,deactivated,2,0,0.0,2024-09-10,2024-09-18,8,False,False,False,True
WSP-42446434A8,deactivated,15,0,0.0,2024-09-11,2024-12-04,84,False,False,False,True
WSP-5BD4C15BD0,active,364,364,100.0,2024-09-30,2026-07-21,659,True,True,True,True
WSP-8AAB49EA74,deactivated,27,27,100.0,2024-09-24,2025-10-15,386,True,True,False,True
WSP-E9A071CF26,deactivated,26,26,100.0,2024-09-23,2025-09-18,360,True,True,False,True
WSP-7CC2CE101E,deactivated,1,0,0.0,2024-09-23,2024-09-23,0,False,False,False,True
WSP-490AC3178E,deactivated,38,38,100.0,2024-09-23,2025-03-14,172,True,False,False,True
WSP-9988ABB61C,deactivated,16,0,0.0,2024-10-01,2024-12-02,62,False,False,False,True
WSP-7D8850F604,deactivated,22,0,0.0,2024-10-02,2025-01-09,99,False,False,False,True
WSP-8672BB12D3,deactivated,3,0,0.0,2024-10-11,2024-10-17,6,False,False,False,True
WSP-82DF210C67,deactivated,0,0,,,,,False,False,False,True
WSP-B7E03B3291,deactivated,242,242,100.0,2024-10-14,2026-05-15,578,True,True,False,True
WSP-A0F48C6240,deactivated,164,164,100.0,2024-10-15,2025-11-13,394,True,True,False,True
WSP-AB0A6E5C81,active,242,242,100.0,2024-11-01,2026-07-06,612,True,True,True,True
WSP-7535D2F1E6,active,131,131,100.0,2024-10-30,2026-07-21,629,True,True,True,True
WSP-441FFAFE2A,deactivated,77,77,100.0,2024-11-04,2026-04-21,533,True,True,False,True
WSP-2364DEB576,deactivated,10,0,0.0,2024-11-14,2025-01-30,77,False,False,False,True
WSP-CE19BE311D,deactivated,25,25,100.0,2024-11-15,2026-04-06,507,True,True,False,True
WSP-A33C609992,deactivated,128,128,100.0,2024-11-13,2026-03-03,475,True,True,False,True
WSP-DBEF8AEB8B,deactivated,20,0,0.0,2024-11-11,2025-01-27,77,False,False,False,True
WSP-3B580AE77C,deactivated,30,30,100.0,2024-11-18,2025-04-08,141,True,False,False,True
WSP-6C3DFEAAAC,deactivated,4,4,100.0,2024-11-11,2025-06-18,219,True,False,False,True
WSP-8665D4F288,deactivated,25,0,0.0,2024-11-22,2025-02-25,95,False,False,False,True
WSP-206FFD8871,deactivated,40,40,100.0,2024-11-28,2025-05-21,174,True,False,False,True
WSP-92A400FCFF,active,259,259,100.0,2024-11-29,2026-07-20,598,True,True,False,True
WSP-2A61C5D7FB,deactivated,1,0,0.0,2024-11-29,2024-11-29,0,False,False,False,False
WSP-09CE244225,deactivated,34,34,100.0,2024-12-02,2025-05-22,171,True,False,False,True
WSP-0AEF177A82,active,127,127,100.0,2024-12-09,2026-07-20,588,True,True,False,True
WSP-CF621D1635,deactivated,8,8,100.0,2025-01-11,2025-05-14,123,True,False,False,True
WSP-D09DDB6BC0,deactivated,16,16,100.0,2024-12-23,2025-07-15,204,True,False,False,True
WSP-97E9CDE2D1,deactivated,18,0,0.0,2024-12-19,2025-02-13,56,False,False,False,True
WSP-BDFCB5FF78,deactivated,7,0,0.0,2025-01-02,2025-02-26,55,False,False,False,True
WSP-81921630E8,deactivated,50,50,100.0,2025-01-08,2025-11-24,320,True,True,False,True
WSP-3A01593739,deactivated,13,0,0.0,2025-01-06,2025-02-28,53,False,False,False,True
WSP-B945405749,deactivated,7,0,0.0,2025-01-06,2025-03-28,81,False,False,False,True
WSP-E7E93D5920,deactivated,0,0,,,,,False,False,False,True
WSP-1E12FF782F,deactivated,14,14,100.0,2025-01-13,2025-06-25,163,True,False,False,True
WSP-7AA21CB1F4,active,240,240,100.0,2025-01-20,2026-07-20,546,True,True,False,True
WSP-A440F0FC5B,active,131,131,100.0,2025-01-07,2026-07-20,559,True,True,False,True
WSP-A8A29BD2C6,deactivated,51,51,100.0,2025-02-13,2026-03-13,393,True,True,False,True
WSP-B303D39D2E,active,199,199,100.0,2025-01-07,2026-07-13,552,True,True,False,True
WSP-4614A2179D,active,262,262,100.0,2025-01-10,2026-07-21,557,True,True,False,True
WSP-9D2E5E5705,deactivated,66,66,100.0,2025-01-20,2025-07-14,175,True,False,False,True
WSP-3DA678F096,deactivated,139,139,100.0,2025-01-28,2026-05-29,486,True,True,False,True
WSP-0CB6A752C8,deactivated,28,0,0.0,2025-01-21,2025-04-28,97,False,False,False,True
WSP-B5C401EEAE,deactivated,53,53,100.0,2025-01-22,2025-10-21,272,True,False,False,True
WSP-A7D19E0A34,deactivated,2,0,0.0,2025-01-22,2025-02-03,12,False,False,False,True
WSP-52AD321F51,deactivated,8,0,0.0,2025-02-10,2025-03-31,49,False,False,False,True
WSP-6EA15DE085,deactivated,1,0,0.0,2025-02-10,2025-02-10,0,False,False,False,True
WSP-028E39AF33,active,43,43,100.0,2025-01-28,2026-01-23,360,True,True,False,True
WSP-307A72735D,deactivated,60,60,100.0,2025-02-07,2026-02-02,360,True,True,False,True
WSP-AF093243DC,deactivated,51,51,100.0,2025-02-18,2025-10-27,251,True,False,False,True
WSP-0516E1CE19,active,113,113,100.0,2025-02-22,2026-07-20,513,True,True,False,True
WSP-EB89E506A9,active,63,63,100.0,2025-02-20,2026-07-18,513,True,True,False,True
WSP-07CA7A705A,active,88,88,100.0,2025-02-20,2026-07-18,513,True,True,False,True
WSP-A17DA0AD2E,deactivated,6,0,0.0,2025-02-21,2025-03-03,10,False,False,False,True
WSP-68FBD88A02,deactivated,22,0,0.0,2025-02-24,2025-04-14,49,False,False,False,True
WSP-3C72A1372E,deactivated,13,0,0.0,2025-02-25,2025-04-29,63,False,False,False,True
WSP-B87BAFCC35,active,96,96,100.0,2025-02-24,2026-07-20,511,True,True,False,True
WSP-AB99896EAB,active,46,46,100.0,2025-07-14,2026-06-01,322,True,True,False,True
WSP-B93B99998D,deactivated,3,0,0.0,2025-02-28,2025-04-04,35,False,False,False,True
WSP-60241BBEE4,active,127,127,100.0,2025-02-28,2026-07-20,507,True,True,False,True
WSP-6E8E6BBB0D,active,133,133,100.0,2025-02-28,2026-07-17,504,True,True,False,True
WSP-4FDD7C13D8,deactivated,21,21,100.0,2025-03-20,2025-08-19,152,True,False,False,True
WSP-DABE5D39D1,active,112,112,100.0,2025-03-10,2026-07-08,485,True,True,False,True
WSP-CEC0B1C391,deactivated,61,61,100.0,2025-03-17,2025-08-04,140,True,False,False,True
WSP-17F7CE67B7,deactivated,3,0,0.0,2025-03-31,2025-04-08,8,False,False,False,True
WSP-8D049C5D56,deactivated,79,79,100.0,2025-03-26,2026-04-08,378,True,True,False,True
WSP-865DAD7F11,deactivated,28,0,0.0,2025-03-24,2025-06-16,84,False,False,False,True
WSP-0DCDF68B3D,active,116,116,100.0,2025-04-03,2026-06-29,452,True,True,False,True
WSP-0A7A53BA1F,deactivated,18,0,0.0,2025-04-02,2025-07-28,117,False,False,False,True
WSP-3875A22C34,active,106,106,100.0,2025-04-03,2026-06-10,433,True,True,False,True
WSP-E8BC8F1749,deactivated,0,0,,,,,False,False,False,True
WSP-E277EBAFC9,active,87,87,100.0,2025-04-14,2026-07-17,459,True,True,False,True
WSP-C29D34A32D,deactivated,34,0,0.0,2025-04-22,2025-07-25,94,False,False,False,True
WSP-03146C76ED,deactivated,9,0,0.0,2025-04-15,2025-05-23,38,False,False,False,True
WSP-A0012389E8,deactivated,98,98,100.0,2025-04-18,2026-06-23,431,True,True,False,True
WSP-4DA4559003,active,38,38,100.0,2025-04-21,2025-09-17,149,True,False,False,True
WSP-17E218BAB7,deactivated,12,0,0.0,2025-05-05,2025-08-06,93,False,False,False,True
WSP-25D17AF977,deactivated,3,0,0.0,2025-05-06,2025-05-12,6,False,False,False,True
WSP-9A1E9398DC,active,26,26,100.0,2025-05-12,2026-03-12,304,True,True,False,True
WSP-034F16A55D,deactivated,9,0,0.0,2025-05-15,2025-07-03,49,False,False,False,True
WSP-EB1C0EC931,active,4,4,100.0,2025-05-22,2025-07-03,42,False,False,False,True
WSP-6ACB58261D,active,58,58,100.0,2025-05-24,2026-07-03,405,True,True,False,True
WSP-A09E7EFAD4,deactivated,2,0,0.0,2025-05-26,2025-06-09,14,False,False,False,True
WSP-042339AE84,deactivated,7,0,0.0,2025-05-27,2025-06-18,22,False,False,False,False
WSP-9D6DABA786,deactivated,17,0,0.0,2025-05-28,2025-07-23,56,False,False,False,True
WSP-C27507D0B5,deactivated,2,0,0.0,2025-05-28,2025-05-30,2,False,False,False,True
WSP-472A3DE898,deactivated,3,0,0.0,2025-06-06,2025-06-19,13,False,False,False,True
WSP-3FEC7CF653,active,156,156,100.0,2025-06-13,2026-07-03,385,True,True,False,True
WSP-C9C2D64831,deactivated,1,0,0.0,2025-06-12,2025-06-12,0,False,False,False,True
WSP-7ED0BC043F,deactivated,36,36,100.0,2025-06-29,2026-04-23,298,True,False,False,True
WSP-F770995DCA,active,149,149,100.0,2025-06-13,2026-07-20,402,True,True,False,True
WSP-0ABE7D1E57,active,49,49,100.0,2025-08-05,2026-07-15,344,True,True,False,False
WSP-AB25EDB810,active,14,14,100.0,2025-06-16,2025-08-11,56,False,False,False,True
WSP-4CBF203F8E,deactivated,0,0,,,,,False,False,False,True
WSP-C3D383CB55,deactivated,1,0,0.0,2025-06-18,2025-06-18,0,False,False,False,True
WSP-BBBDC805FF,active,98,98,100.0,2025-06-20,2026-06-03,348,True,True,False,True
WSP-1C37C2D63D,active,113,113,100.0,2025-06-25,2026-07-06,376,True,True,False,True
WSP-33B1ADDF60,deactivated,5,0,0.0,2025-06-27,2025-07-05,8,False,False,False,True
WSP-C8259A3580,active,172,172,100.0,2025-06-28,2026-07-20,387,True,True,False,True
WSP-FF8A796A6E,deactivated,33,33,100.0,2025-06-30,2026-02-09,224,True,False,False,True
WSP-13BD1D4880,deactivated,20,0,0.0,2025-07-01,2025-08-20,50,False,False,False,True
WSP-C76F8700A6,active,188,188,100.0,2025-07-03,2026-07-20,382,True,True,False,True
WSP-BB0AD75A41,deactivated,1,0,0.0,2025-07-03,2025-07-03,0,False,False,False,True
WSP-34A4EF9BDE,deactivated,54,54,100.0,2025-07-05,2025-12-19,167,True,False,False,True
WSP-2F5981EAF9,deactivated,1,0,0.0,2025-07-07,2025-07-07,0,False,False,False,True
WSP-3551B75FDF,active,21,21,100.0,2025-07-09,2025-10-03,86,False,False,False,True
WSP-2DCB576F02,active,19,19,100.0,2025-07-10,2026-07-21,376,True,True,False,True
WSP-7EEF4222BA,active,43,43,100.0,2025-07-10,2026-04-16,280,True,False,False,True
WSP-3558050B40,active,169,169,100.0,2025-07-14,2026-07-20,371,True,True,False,True
WSP-857493F15E,deactivated,1,0,0.0,2025-07-15,2025-07-15,0,False,False,False,True
WSP-A3DD81134B,deactivated,13,0,0.0,2025-07-16,2025-09-10,56,False,False,False,True
WSP-2AED6BFC3B,active,109,109,100.0,2025-07-16,2026-07-21,370,True,True,False,True
WSP-AE5CD1FA15,deactivated,63,63,100.0,2025-07-19,2025-12-05,139,True,False,False,True
WSP-6B6FB23E48,active,73,73,100.0,2025-07-23,2026-07-20,362,True,True,False,True
WSP-6FF2BD66F6,deactivated,58,58,100.0,2025-07-25,2026-05-05,284,True,False,False,True
WSP-ACC4B4090A,deactivated,27,0,0.0,2025-07-25,2025-11-10,108,False,False,False,True
WSP-B0BAF3F532,deactivated,14,0,0.0,2025-07-28,2025-09-01,35,False,False,False,True
WSP-90948F4890,deactivated,28,28,100.0,2025-07-28,2026-01-28,184,True,False,False,True
WSP-A73EE8D9B1,deactivated,1,0,0.0,2025-07-31,2025-07-31,0,False,False,False,True
WSP-9697359F3C,deactivated,2,0,0.0,2025-08-01,2025-08-12,11,False,False,False,True
WSP-D1AAF8DEAD,deactivated,6,0,0.0,2025-08-04,2025-08-18,14,False,False,False,True
WSP-D9B60D6386,deactivated,2,0,0.0,2025-08-04,2025-08-05,1,False,False,False,True
WSP-97FD223D73,deactivated,8,0,0.0,2025-08-11,2025-09-03,23,False,False,False,True
WSP-35EF0D1E4B,deactivated,65,65,100.0,2025-08-09,2026-05-04,268,True,False,False,True
WSP-6E5A708942,active,101,101,100.0,2025-08-11,2026-07-20,343,True,True,False,True
WSP-7267B05F80,deactivated,25,0,0.0,2025-08-15,2025-11-12,89,False,False,False,True
WSP-8651E15C95,active,101,101,100.0,2025-08-18,2026-07-08,324,True,True,False,True
WSP-87F0723521,deactivated,15,0,0.0,2025-08-19,2025-11-03,76,False,False,False,True
WSP-EFE81E4DF9,deactivated,19,0,0.0,2025-08-20,2025-10-29,70,False,False,False,True
WSP-1F6B1FA8F9,deactivated,3,0,0.0,2025-08-21,2025-09-25,35,False,False,False,True
WSP-F99C0D0FD8,deactivated,29,29,100.0,2025-08-26,2026-01-26,153,True,False,False,True
WSP-6FDE27749A,deactivated,15,0,0.0,2025-08-27,2025-10-16,50,False,False,False,True
WSP-765719945C,deactivated,16,0,0.0,2025-09-01,2025-10-15,44,False,False,False,True
WSP-BFCFDB82E1,deactivated,44,44,100.0,2025-09-02,2026-01-14,134,True,False,False,True
WSP-4B38CED5A0,deactivated,49,49,100.0,2025-09-03,2026-03-20,198,True,False,False,True
WSP-1C24CB5718,deactivated,22,0,0.0,2025-09-05,2025-11-03,59,False,False,False,True
WSP-39AFF966E1,active,69,69,100.0,2025-09-08,2026-07-17,312,True,True,False,True
WSP-ADB01750B6,active,91,91,100.0,2025-09-08,2026-07-10,305,True,True,False,True
WSP-595A3726E2,deactivated,3,0,0.0,2025-09-10,2025-09-23,13,False,False,False,True
WSP-C28044FEBC,deactivated,155,155,100.0,2025-09-11,2026-05-20,251,True,False,False,True
WSP-7BE8ADD500,active,55,55,100.0,2025-09-12,2026-07-20,311,True,True,False,True
WSP-AD1E83B72E,deactivated,9,0,0.0,2025-09-12,2025-10-23,41,False,False,False,True
WSP-14FE8987CE,deactivated,22,0,0.0,2025-09-12,2025-11-26,75,False,False,False,True
WSP-C91101A536,deactivated,43,43,100.0,2025-09-13,2026-04-07,206,True,False,False,True
WSP-A608A874FA,deactivated,134,134,100.0,2025-09-17,2026-06-03,259,True,False,False,True
WSP-F517CB5D9D,deactivated,2,0,0.0,2025-09-19,2025-09-20,1,False,False,False,True
WSP-20AB5BBD04,deactivated,76,76,100.0,2025-09-20,2026-07-03,286,True,False,False,True
WSP-4D975D7B38,active,130,130,100.0,2025-09-22,2026-07-21,302,True,True,False,True
WSP-FFE4F951EE,active,84,84,100.0,2025-10-02,2026-07-20,291,True,False,False,True
WSP-490108A4DC,deactivated,14,14,100.0,2025-09-22,2026-01-20,120,True,False,False,True
WSP-47A9474321,deactivated,6,0,0.0,2025-09-22,2025-11-10,49,False,False,False,True
WSP-7AF30340EE,active,78,78,100.0,2025-09-24,2026-06-17,266,True,False,False,True
WSP-B242C627C1,deactivated,41,41,100.0,2025-09-26,2026-04-10,196,True,False,False,True
WSP-CB88A91ABC,deactivated,14,0,0.0,2025-09-26,2026-01-12,108,False,False,False,True
WSP-025D1B9E8F,active,177,177,100.0,2025-09-27,2026-07-21,297,True,False,False,True
WSP-2BA56C61A1,deactivated,1,0,0.0,2025-09-29,2025-09-29,0,False,False,False,True
WSP-31D3208385,deactivated,1,0,0.0,2025-09-29,2025-09-29,0,False,False,False,True
WSP-A7F9D6C399,deactivated,1,0,0.0,2025-09-29,2025-09-29,0,False,False,False,True
WSP-7A0732908E,deactivated,1,0,0.0,2025-09-30,2025-09-30,0,False,False,False,True
WSP-043F342713,deactivated,7,0,0.0,2025-10-01,2025-10-28,27,False,False,False,True
WSP-6B2A13AF17,active,56,56,100.0,2025-10-01,2026-01-30,121,True,False,False,True
WSP-48D19EB402,deactivated,137,137,100.0,2025-10-06,2026-06-10,247,True,False,False,True
WSP-DBCFB4638B,active,1,1,100.0,2025-10-06,2025-10-06,0,False,False,False,True
WSP-A582E16AFB,deactivated,15,0,0.0,2025-10-07,2025-12-03,57,False,False,False,True
WSP-98FF0CE7D5,deactivated,1,0,0.0,2025-10-08,2025-10-08,0,False,False,False,True
WSP-A295690760,deactivated,7,0,0.0,2025-10-11,2025-10-31,20,False,False,False,True
WSP-74C4C81BE3,deactivated,2,0,0.0,2025-10-15,2025-10-16,1,False,False,False,True
WSP-45A162444D,deactivated,0,0,,,,,False,False,False,True
WSP-B0E3327288,deactivated,1,0,0.0,2025-10-17,2025-10-17,0,False,False,False,True
WSP-F8742F834B,deactivated,15,0,0.0,2025-10-17,2025-11-19,33,False,False,False,True
WSP-6662C2E30C,deactivated,12,0,0.0,2025-10-20,2025-11-19,30,False,False,False,True
WSP-9B3EA7BC8F,deactivated,9,0,0.0,2025-10-20,2026-01-31,103,False,False,False,True
WSP-0DEB785AF5,active,37,37,100.0,2025-10-20,2026-05-06,198,True,False,False,True
WSP-070D95D315,deactivated,15,0,0.0,2025-10-22,2025-12-08,47,False,False,False,True
WSP-C638AA1547,deactivated,44,0,0.0,2025-10-21,2026-01-19,90,False,False,False,True
WSP-C2B69228B5,deactivated,1,0,0.0,2025-10-22,2025-10-22,0,False,False,False,True
WSP-772B007974,deactivated,56,56,100.0,2025-10-23,2026-03-23,151,True,False,False,True
WSP-692D286A91,active,72,72,100.0,2025-10-24,2026-07-21,270,True,False,False,True
WSP-693D53BA7B,deactivated,1,0,0.0,2025-10-25,2025-10-25,0,False,False,False,True
WSP-9F3E1B2C42,active,67,67,100.0,2025-11-01,2026-07-17,258,True,False,False,True
WSP-CDFB5F3FE9,deactivated,10,0,0.0,2025-11-12,2026-02-11,91,False,False,False,True
WSP-A9F42F42C7,active,103,103,100.0,2025-11-08,2026-06-05,209,True,False,False,True
WSP-2E8217A0EE,deactivated,1,0,0.0,2025-11-10,2025-11-10,0,False,False,False,True
WSP-8F4CA8C3B2,active,30,30,100.0,2025-11-10,2026-04-07,148,True,False,False,True
WSP-9DBAD79491,active,194,194,100.0,2025-11-10,2026-07-21,253,True,False,False,True
WSP-16B23B699E,deactivated,0,0,,,,,False,False,False,True
WSP-3EF3AD1B29,deactivated,136,136,100.0,2025-11-12,2026-05-23,192,True,False,False,True
WSP-538C5AFBAE,deactivated,48,48,100.0,2025-11-12,2026-03-09,117,False,False,False,True
WSP-8F231D4636,deactivated,1,0,0.0,2025-11-12,2025-11-12,0,False,False,False,True
WSP-448F3A92B9,active,64,64,100.0,2025-11-15,2026-07-17,244,True,False,False,True
WSP-0B8D476DCB,deactivated,21,0,0.0,2025-11-17,2026-01-22,66,False,False,False,True
WSP-4181CABB30,active,60,60,100.0,2025-11-19,2026-07-14,237,True,False,False,True
WSP-976B4C6580,deactivated,1,0,0.0,2025-11-19,2025-11-19,0,False,False,False,True
WSP-088A554C36,deactivated,0,0,,,,,False,False,False,True
WSP-E9A8A91ADC,deactivated,47,47,100.0,2025-11-21,2026-04-22,152,True,False,False,True
WSP-D785D5403C,deactivated,53,53,100.0,2025-11-22,2026-06-06,196,True,False,False,True
WSP-FC428AF1C5,deactivated,1,0,0.0,2025-11-24,2025-11-24,0,False,False,False,True
WSP-8CCDDCA7F8,active,73,73,100.0,2025-11-24,2026-07-15,233,True,False,False,True
WSP-2E90277AF9,active,50,50,100.0,2025-11-26,2026-07-21,237,True,False,False,True
WSP-EBF3E9F6F9,active,49,49,100.0,2025-11-26,2026-07-15,231,True,False,False,True
WSP-EE65491A5A,active,57,57,100.0,2025-11-27,2026-07-15,230,True,False,False,True
WSP-9FA9AD45E9,deactivated,1,0,0.0,2025-12-03,2025-12-03,0,False,False,False,True
WSP-36191D78FA,deactivated,1,0,0.0,2025-12-03,2025-12-03,0,False,False,False,True
WSP-AD03EADD36,deactivated,1,0,0.0,2025-12-05,2025-12-05,0,False,False,False,True
WSP-6D568237BD,deactivated,1,0,0.0,2025-12-15,2025-12-15,0,False,False,False,True
WSP-44B9924F4A,active,44,44,100.0,2025-12-22,2026-06-22,182,True,False,False,True
WSP-68030DB6C6,deactivated,1,0,0.0,2025-12-22,2025-12-22,0,False,False,False,True
WSP-24E001627C,active,63,63,100.0,2026-01-05,2026-07-21,197,True,False,False,True
WSP-07F2EE57EC,deactivated,21,0,0.0,2026-01-05,2026-02-25,51,False,False,False,True
WSP-65844E9BB6,active,108,108,100.0,2026-01-05,2026-07-10,186,True,False,False,True
WSP-CA1FD95A15,deactivated,3,0,0.0,2026-01-05,2026-01-21,16,False,False,False,True
WSP-CC342D2104,active,10,10,100.0,2026-01-06,2026-02-28,53,False,False,False,True
WSP-1B895C5554,deactivated,1,0,0.0,2026-01-06,2026-01-06,0,False,False,False,True
WSP-162A2FA4DA,active,55,55,100.0,2026-01-07,2026-07-20,194,True,False,False,True
WSP-7EB3B07695,deactivated,6,0,0.0,2026-01-07,2026-01-26,19,False,False,False,True
WSP-B975F648D4,deactivated,19,19,100.0,2026-01-07,2026-06-02,146,True,False,False,True
WSP-F38ACA7651,deactivated,23,0,0.0,2026-01-09,2026-03-26,76,False,False,False,True
WSP-7A9891438E,deactivated,1,0,0.0,2026-01-09,2026-01-09,0,False,False,False,True
WSP-8597384C1D,deactivated,2,0,0.0,2026-01-12,2026-01-15,3,False,False,False,True
WSP-9805EA77B9,deactivated,28,0,0.0,2026-01-12,2026-03-16,63,False,False,False,True
WSP-5502B9313E,deactivated,1,0,0.0,2026-01-12,2026-01-12,0,False,False,False,True
WSP-AE501F0741,active,106,106,100.0,2026-01-13,2026-07-20,188,True,False,False,True
WSP-1B501D49B1,deactivated,0,0,,,,,False,False,False,True
WSP-B1935CBBA6,active,21,21,100.0,2026-01-14,2026-05-31,137,True,False,False,True
WSP-B72E4B8D85,active,73,73,100.0,2026-01-14,2026-07-16,183,True,False,False,True
WSP-2AEB85A2BC,deactivated,1,0,0.0,2026-01-14,2026-01-14,0,False,False,False,True
WSP-9C057D4492,deactivated,4,0,0.0,2026-01-14,2026-01-23,9,False,False,False,True
WSP-56A1F4FD67,deactivated,17,0,0.0,2026-01-16,2026-03-16,59,False,False,False,True
WSP-C1F38C53AA,deactivated,1,0,0.0,2026-01-16,2026-01-16,0,False,False,False,True
WSP-DD22528242,active,71,71,100.0,2026-01-19,2026-07-20,182,True,False,False,True
WSP-75D32DE484,deactivated,1,0,0.0,2026-01-19,2026-01-19,0,False,False,False,True
WSP-A92986015D,deactivated,22,0,0.0,2026-01-19,2026-03-23,63,False,False,False,True
WSP-1E3011EEFF,active,63,63,100.0,2026-01-20,2026-06-29,160,True,False,False,True
WSP-CB6703EA39,deactivated,1,0,0.0,2026-01-21,2026-01-21,0,False,False,False,True
WSP-3F7CFE5754,deactivated,1,0,0.0,2026-01-21,2026-01-21,0,False,False,False,True
WSP-93D96EDB20,deactivated,4,0,0.0,2026-01-21,2026-02-24,34,False,False,False,True
WSP-FBAE4B79EB,active,50,50,100.0,2026-01-21,2026-07-21,181,True,False,False,True
WSP-2C1EAACA07,deactivated,1,0,0.0,2026-01-22,2026-01-22,0,False,False,False,True
WSP-A4FCAE18B1,deactivated,1,0,0.0,2026-01-23,2026-01-23,0,False,False,False,True
WSP-04DD1B40A9,active,46,46,100.0,2026-01-23,2026-07-17,175,True,False,False,True
WSP-D1EBC2C58C,deactivated,0,0,,,,,False,False,False,True
WSP-18E4E57430,deactivated,6,0,0.0,2026-01-29,2026-02-06,8,False,False,False,True
WSP-C6F206F863,deactivated,1,0,0.0,2026-01-30,2026-01-30,0,False,False,False,True
WSP-91174301B8,deactivated,1,0,0.0,2026-01-30,2026-01-30,0,False,False,False,True
WSP-AB04F583FF,deactivated,14,0,0.0,2026-02-02,2026-04-13,70,False,False,False,True
WSP-34F50A1519,deactivated,1,0,0.0,2026-02-02,2026-02-02,0,False,False,False,True
WSP-7B4D1A0ABA,active,18,18,100.0,2026-02-02,2026-07-15,163,True,False,False,True
WSP-DCBB383449,active,28,28,100.0,2026-02-05,2026-07-14,159,True,False,False,True
WSP-38A0B732F2,active,31,31,100.0,2026-02-04,2026-07-17,163,True,False,False,True
WSP-F0083620C2,active,46,46,100.0,2026-02-04,2026-06-25,141,True,False,False,True
WSP-8AAFB314B3,active,38,38,100.0,2026-02-09,2026-07-21,162,True,False,False,True
WSP-4F45554CDE,active,50,50,100.0,2026-02-12,2026-07-17,155,True,False,False,True
WSP-55092FC821,active,47,47,100.0,2026-02-11,2026-07-10,149,True,False,False,True
WSP-B316DCB455,deactivated,7,0,0.0,2026-02-16,2026-03-23,35,False,False,False,True
WSP-569AF098B5,deactivated,3,0,0.0,2026-02-16,2026-03-02,14,False,False,False,True
WSP-38891FDE5E,active,62,62,100.0,2026-02-16,2026-07-20,154,True,False,False,True
WSP-F0D7CAC313,active,32,32,100.0,2026-02-17,2026-07-18,151,True,False,False,True
WSP-8A87500EA2,deactivated,0,0,,,,,False,False,False,True
WSP-77EC76C8A4,active,21,21,100.0,2026-02-20,2026-06-13,113,False,False,False,True
WSP-54569076C5,deactivated,37,0,0.0,2026-02-23,2026-06-12,109,False,False,False,True
WSP-6639FF4CFD,deactivated,1,0,0.0,2026-02-23,2026-02-23,0,False,False,False,True
WSP-54D1DDE61F,deactivated,1,0,0.0,2026-03-02,2026-03-02,0,False,False,False,True
WSP-4951E35A91,deactivated,1,0,0.0,2026-03-02,2026-03-02,0,False,False,False,True
WSP-B72E8EAFF2,deactivated,1,0,0.0,2026-03-02,2026-03-02,0,False,False,False,True
WSP-0AFA5CD92D,active,14,14,100.0,2026-03-03,2026-07-15,134,True,False,False,True
WSP-A8DA1DF119,deactivated,0,0,,,,,False,False,False,True
WSP-040D5CD305,active,12,12,100.0,2026-03-04,2026-05-06,63,False,False,False,True
WSP-3624227BD8,deactivated,10,0,0.0,2026-03-09,2026-04-29,51,False,False,False,True
WSP-60098F46B7,deactivated,1,0,0.0,2026-03-09,2026-03-09,0,False,False,False,True
WSP-1BEBCFDBD3,active,69,69,100.0,2026-03-10,2026-07-17,129,True,False,False,True
WSP-620DBACBD7,deactivated,0,0,,,,,False,False,False,True
WSP-249D09D949,active,15,15,100.0,2026-03-12,2026-05-22,71,False,False,False,True
WSP-381DB3EF82,deactivated,1,0,0.0,2026-03-12,2026-03-12,0,False,False,False,True
WSP-23F6FE79B4,active,33,33,100.0,2026-03-13,2026-07-21,130,True,False,False,True
WSP-2185EA3557,deactivated,1,0,0.0,2026-03-13,2026-03-13,0,False,False,False,True
WSP-65D29F4976,deactivated,0,0,,,,,False,False,False,True
WSP-BFA5B41077,deactivated,1,0,0.0,2026-03-18,2026-03-18,0,False,False,False,True
WSP-33FFA0071B,active,13,13,100.0,2026-03-18,2026-07-02,106,False,False,False,True
WSP-38D23A3C09,active,35,35,100.0,2026-03-19,2026-07-18,121,True,False,False,True
WSP-67DC9646DF,active,18,18,100.0,2026-03-19,2026-06-26,99,False,False,False,True
WSP-3BFA9B8A05,deactivated,1,0,0.0,2026-03-20,2026-03-20,0,False,False,False,True
WSP-0C84B3A46D,deactivated,1,0,0.0,2026-03-20,2026-03-20,0,False,False,False,True
WSP-9AF8D39058,deactivated,10,0,0.0,2026-03-25,2026-05-13,49,False,False,False,True
WSP-BB9CD876C4,active,47,47,100.0,2026-03-30,2026-07-17,109,False,False,False,True
WSP-1557021312,active,28,28,100.0,2026-04-08,2026-07-21,104,False,False,False,True
WSP-7205B0C119,deactivated,1,0,0.0,2026-04-01,2026-04-01,0,False,False,False,True
WSP-ACC0588646,active,1,1,100.0,2026-04-02,2026-04-02,0,False,False,False,True
WSP-2399D64A4B,deactivated,0,0,,,,,False,False,False,True
WSP-028B259C6B,deactivated,3,0,0.0,2026-04-13,2026-04-21,8,False,False,False,True
WSP-FFC35328B3,active,30,30,100.0,2026-04-14,2026-07-10,87,False,False,False,True
WSP-2665D39822,active,30,30,100.0,2026-04-20,2026-07-15,86,False,False,False,True
WSP-76A6485C72,deactivated,0,0,,,,,False,False,False,True
WSP-6C7A77D397,deactivated,0,0,,,,,False,False,False,True
WSP-4A825E8F7B,active,13,13,100.0,2026-04-17,2026-06-26,70,False,False,False,True
WSP-24A3804150,deactivated,0,0,,,,,False,False,False,True
WSP-F128B5CE7B,active,10,10,100.0,2026-04-21,2026-07-20,90,False,False,False,True
WSP-E074B153A4,active,23,23,100.0,2026-04-21,2026-07-21,91,False,False,False,True
WSP-B642EFCB00,active,33,33,100.0,2026-04-21,2026-07-20,90,False,False,False,True
WSP-9A56990EAF,active,57,57,100.0,2026-04-22,2026-07-21,90,False,False,False,True
WSP-6781EA8070,deactivated,0,0,,,,,False,False,False,True
WSP-3E18EF7EBF,active,36,36,100.0,2026-04-22,2026-07-20,89,False,False,False,True
WSP-C581BA2906,deactivated,1,0,0.0,2026-04-23,2026-04-23,0,False,False,False,True
WSP-72A9328B73,deactivated,1,0,0.0,2026-04-23,2026-04-23,0,False,False,False,True
WSP-A249463B78,deactivated,0,0,,,,,False,False,False,True
WSP-7D20DDD254,deactivated,1,0,0.0,2026-04-27,2026-04-27,0,False,False,False,True
WSP-EFB99657E3,deactivated,0,0,,,,,False,False,False,True
WSP-1346494B99,active,20,20,100.0,2026-04-28,2026-07-16,79,False,False,False,True
WSP-3239A08979,active,29,29,100.0,2026-04-29,2026-07-11,73,False,False,False,True
WSP-733D0F0D31,deactivated,1,0,0.0,2026-04-30,2026-04-30,0,False,False,False,True
WSP-3D2C65E8DB,deactivated,0,0,,,,,False,False,False,True
WSP-26FF50082E,active,24,24,100.0,2026-05-01,2026-07-21,81,False,False,False,True
WSP-3B09DB7EFA,active,5,5,100.0,2026-05-05,2026-06-03,29,False,False,False,True
WSP-14CBC89B99,deactivated,1,0,0.0,2026-05-05,2026-05-05,0,False,False,False,True
WSP-3C50E8CEB8,active,2,2,100.0,2026-05-06,2026-07-01,56,False,False,False,True
WSP-65C27080A3,active,36,36,100.0,2026-05-05,2026-07-20,76,False,False,False,True
WSP-3EAAC29994,active,16,16,100.0,2026-05-11,2026-06-17,37,False,False,False,True
WSP-4BB17095A6,active,26,26,100.0,2026-05-07,2026-07-21,75,False,False,False,True
WSP-4602533079,deactivated,0,0,,,,,False,False,False,True
WSP-4C36DB4FA5,deactivated,3,0,0.0,2026-05-12,2026-05-20,8,False,False,False,True
WSP-F2CF4026AB,active,9,9,100.0,2026-05-20,2026-07-01,42,False,False,False,True
WSP-B608800153,active,2,2,100.0,2026-05-22,2026-05-25,3,False,False,False,True
WSP-66B5DFF2D0,deactivated,1,0,0.0,2026-05-22,2026-05-22,0,False,False,False,True
WSP-50A1D2DB61,deactivated,0,0,,,,,False,False,False,True
WSP-F7F97FBD6D,active,24,24,100.0,2026-05-25,2026-07-21,57,False,False,False,True
WSP-B0F0AC7130,deactivated,1,0,0.0,2026-05-26,2026-05-26,0,False,False,False,True
WSP-D500EA9551,active,5,5,100.0,2026-05-26,2026-07-14,49,False,False,False,True
WSP-7EC753026C,deactivated,1,0,0.0,2026-05-27,2026-05-27,0,False,False,False,True
WSP-B4FB6B0BEC,deactivated,1,0,0.0,2026-05-28,2026-05-28,0,False,False,False,True
WSP-2D6FC9D6ED,active,17,17,100.0,2026-05-29,2026-07-20,52,False,False,False,True
WSP-CB74FA3A8D,deactivated,0,0,,,,,False,False,False,True
WSP-580D255E0E,active,25,25,100.0,2026-06-01,2026-07-14,43,False,False,False,True
WSP-3847354783,active,4,4,100.0,2026-06-03,2026-06-15,12,False,False,False,True
WSP-0B40E95ADB,active,6,6,100.0,2026-06-09,2026-06-18,9,False,False,False,True
WSP-CD1A89AFD3,deactivated,0,0,,,,,False,False,False,True
WSP-1BCA415017,deactivated,1,0,0.0,2026-06-10,2026-06-10,0,False,False,False,True
WSP-75CD7978EA,active,15,15,100.0,2026-06-15,2026-07-20,35,False,False,False,True
WSP-DD26D4CCF0,deactivated,0,0,,,,,False,False,False,True
WSP-45FCEF0233,deactivated,1,0,0.0,2026-06-15,2026-06-15,0,False,False,False,True
WSP-0DC4E30C90,active,14,14,100.0,2026-06-15,2026-07-10,25,False,False,False,True
WSP-F14120D63C,active,9,9,100.0,2026-06-16,2026-07-20,34,False,False,False,True
WSP-424CC07FFF,active,10,10,100.0,2026-06-17,2026-07-21,34,False,False,False,True
WSP-07FF80A5E7,deactivated,1,0,0.0,2026-06-19,2026-06-19,0,False,False,False,True
WSP-E076068A75,active,10,10,100.0,2026-06-22,2026-07-10,18,False,False,False,True
WSP-C46FA95B40,active,6,6,100.0,2026-06-23,2026-07-17,24,False,False,False,True
WSP-8A99B9DB9D,deactivated,1,0,0.0,2026-06-23,2026-06-23,0,False,False,False,True
WSP-081A392587,deactivated,0,0,,,,,False,False,False,True
WSP-F8E5C88D15,active,6,6,100.0,2026-06-29,2026-07-15,16,False,False,False,True
WSP-710EF8B1DD,active,7,7,100.0,2026-06-30,2026-07-16,16,False,False,False,True
WSP-1DE4E33C29,active,9,9,100.0,2026-06-30,2026-07-17,17,False,False,False,True
WSP-EDE81134D1,deactivated,0,0,,,,,False,False,False,True
WSP-C1ADC0B1A6,deactivated,0,0,,,,,False,False,False,True
WSP-5C8296A51A,active,1,1,100.0,2026-07-03,2026-07-03,0,False,False,False,True
WSP-55755F2154,active,5,5,100.0,2026-07-09,2026-07-20,11,False,False,False,True
WSP-4D1D0A93B0,active,1,1,100.0,2026-07-09,2026-07-09,0,False,False,False,True
WSP-F73CE8C936,active,0,0,,,,,False,False,False,True
WSP-0C8D9F4FEA,active,5,5,100.0,2026-07-13,2026-07-20,7,False,False,False,True
WSP-1CB6A4D3E8,active,3,3,100.0,2026-07-13,2026-07-20,7,False,False,False,True
WSP-0605EAB3C6,deactivated,0,0,,,,,False,False,False,True
WSP-86AB4EDE00,active,1,1,100.0,2026-07-15,2026-07-15,0,False,False,False,True
WSP-793D20B046,active,1,1,100.0,2026-07-20,2026-07-20,0,False,False,False,True
WSP-19432D347A,active,1,1,100.0,2026-07-20,2026-07-20,0,False,False,False,True
